{ "successful":1,"mg":999.51,"time": 62.790929555892944 ,"accuracy":-0.0}
{ "successful":2,"mg":999.75,"time": 47.2879056930542 ,"accuracy":-0.0}
{ "successful":3,"mg":999.64,"time": 44.467705488204956 ,"accuracy":-0.0}
{ "successful":4,"mg":1000.23,"time": 44.84178948402405 ,"accuracy":0.0}
{ "successful":5,"mg":1000.42,"time": 42.293906688690186 ,"accuracy":0.0}
{ "successful":6,"mg":1000.29,"time": 43.448801040649414 ,"accuracy":0.0}
{ "successful":7,"mg":999.88,"time": 42.95953011512756 ,"accuracy":-0.0}
{ "successful":8,"mg":1000.23,"time": 43.685667753219604 ,"accuracy":0.0}
{ "successful":9,"mg":999.60,"time": 44.61750102043152 ,"accuracy":-0.0}
{ "successful":10,"mg":999.34,"time": 45.2720992565155 ,"accuracy":-0.001}
{ "successful":11,"mg":999.51,"time": 44.911110162734985 ,"accuracy":-0.0}
{ "successful":12,"mg":999.22,"time": 43.48028588294983 ,"accuracy":-0.001}
{ "successful":13,"mg":999.33,"time": 43.097418785095215 ,"accuracy":-0.001}
{ "successful":14,"mg":1000.22,"time": 42.494903564453125 ,"accuracy":0.0}
{ "successful":15,"mg":999.50,"time": 43.08666396141052 ,"accuracy":-0.001}
{ "successful":16,"mg":1000.40,"time": 42.89800977706909 ,"accuracy":0.0}
{ "successful":17,"mg":1001.42,"time": 41.75212335586548 ,"accuracy":0.001}
{ "successful":18,"mg":1001.07,"time": 42.155738830566406 ,"accuracy":0.001}
{ "successful":19,"mg":1000.28,"time": 43.870670318603516 ,"accuracy":0.0}
{ "successful":20,"mg":999.66,"time": 49.60392355918884 ,"accuracy":-0.0}
{ "successful":21,"mg":999.48,"time": 55.9391725063324 ,"accuracy":-0.001}
{ "successful":22,"mg":999.42,"time": 47.8721878528595 ,"accuracy":-0.001}
{ "successful":23,"mg":999.51,"time": 51.33262872695923 ,"accuracy":-0.0}
{ "successful":24,"mg":999.65,"time": 50.93995904922485 ,"accuracy":-0.0}
{ "successful":25,"mg":999.73,"time": 48.16421985626221 ,"accuracy":-0.0}
{ "successful":26,"mg":999.71,"time": 52.51624584197998 ,"accuracy":-0.0}
{ "successful":27,"mg":999.61,"time": 53.68556356430054 ,"accuracy":-0.0}
{ "successful":28,"mg":999.70,"time": 55.658936500549316 ,"accuracy":-0.0}
{ "successful":29,"mg":999.33,"time": 58.4486186504364 ,"accuracy":-0.001}
{ "successful":30,"mg":999.02,"time": 58.48697781562805 ,"accuracy":-0.001}
{ "successful":1,"mg":499.00,"time": 50.15568137168884 ,"accuracy":-0.002}
{ "successful":2,"mg":498.74,"time": 47.60153651237488 ,"accuracy":-0.003}
{ "successful":3,"mg":498.66,"time": 50.01552438735962 ,"accuracy":-0.003}
{ "successful":4,"mg":498.77,"time": 50.217737436294556 ,"accuracy":-0.002}
{ "successful":5,"mg":498.97,"time": 50.00758600234985 ,"accuracy":-0.002}
{ "successful":6,"mg":499.41,"time": 50.99266338348389 ,"accuracy":-0.001}
{ "successful":7,"mg":499.48,"time": 49.811983823776245 ,"accuracy":-0.001}
{ "successful":8,"mg":499.27,"time": 50.7554931640625 ,"accuracy":-0.001}
{ "successful":9,"mg":499.11,"time": 51.112534284591675 ,"accuracy":-0.002}
{ "successful":10,"mg":498.77,"time": 49.83792591094971 ,"accuracy":-0.002}
{ "successful":11,"mg":499.50,"time": 52.38716912269592 ,"accuracy":-0.001}
{ "successful":12,"mg":499.79,"time": 48.81797909736633 ,"accuracy":-0.0}
{ "successful":13,"mg":499.43,"time": 47.84368085861206 ,"accuracy":-0.001}
{ "successful":14,"mg":498.82,"time": 49.64500951766968 ,"accuracy":-0.002}
{ "successful":15,"mg":499.25,"time": 47.95836877822876 ,"accuracy":-0.002}
{ "successful":16,"mg":499.06,"time": 48.06393575668335 ,"accuracy":-0.002}
{ "successful":17,"mg":499.54,"time": 48.85726857185364 ,"accuracy":-0.001}
{ "successful":18,"mg":499.28,"time": 48.65777134895325 ,"accuracy":-0.001}
{ "successful":19,"mg":499.68,"time": 48.62302017211914 ,"accuracy":-0.001}
{ "successful":20,"mg":499.02,"time": 49.826942443847656 ,"accuracy":-0.002}
{ "successful":21,"mg":499.21,"time": 47.31262183189392 ,"accuracy":-0.002}
{ "successful":22,"mg":498.87,"time": 48.45712161064148 ,"accuracy":-0.002}
{ "successful":23,"mg":499.13,"time": 46.89202094078064 ,"accuracy":-0.002}
{ "successful":24,"mg":499.15,"time": 48.079773902893066 ,"accuracy":-0.002}
{ "successful":25,"mg":499.32,"time": 48.78915357589722 ,"accuracy":-0.001}
{ "successful":26,"mg":499.41,"time": 45.853188276290894 ,"accuracy":-0.001}
{ "successful":27,"mg":498.96,"time": 47.2650945186615 ,"accuracy":-0.002}
{ "successful":28,"mg":499.73,"time": 46.08517050743103 ,"accuracy":-0.001}
{ "successful":29,"mg":501.11,"time": 42.35896182060242 ,"accuracy":0.002}
{ "successful":30,"mg":499.67,"time": 56.57777523994446 ,"accuracy":-0.001}
{ "successful":1,"mg":199.16,"time": 43.5578498840332 ,"accuracy":-0.004}
{ "successful":2,"mg":199.67,"time": 35.583385705947876 ,"accuracy":-0.002}
{ "successful":3,"mg":199.90,"time": 37.70972490310669 ,"accuracy":-0.0}
{ "successful":4,"mg":199.31,"time": 37.44073224067688 ,"accuracy":-0.003}
{ "successful":5,"mg":198.87,"time": 37.14489388465881 ,"accuracy":-0.006}
{ "successful":6,"mg":199.36,"time": 37.201191663742065 ,"accuracy":-0.003}
{ "successful":7,"mg":199.29,"time": 39.47893214225769 ,"accuracy":-0.004}
{ "successful":8,"mg":199.19,"time": 37.97924208641052 ,"accuracy":-0.004}
{ "successful":9,"mg":199.24,"time": 38.88971209526062 ,"accuracy":-0.004}
{ "successful":10,"mg":199.59,"time": 38.785741567611694 ,"accuracy":-0.002}
{ "successful":11,"mg":199.48,"time": 37.85101890563965 ,"accuracy":-0.003}
{ "successful":12,"mg":199.23,"time": 38.45186686515808 ,"accuracy":-0.004}
{ "successful":13,"mg":199.35,"time": 39.149322271347046 ,"accuracy":-0.003}
{ "successful":14,"mg":199.55,"time": 38.834909200668335 ,"accuracy":-0.002}
{ "successful":15,"mg":199.27,"time": 39.15004062652588 ,"accuracy":-0.004}
{ "successful":16,"mg":199.28,"time": 39.30513954162598 ,"accuracy":-0.004}
{ "successful":17,"mg":198.94,"time": 39.6278932094574 ,"accuracy":-0.005}
{ "successful":18,"mg":199.62,"time": 39.13937520980835 ,"accuracy":-0.002}
{ "successful":19,"mg":199.11,"time": 39.02647519111633 ,"accuracy":-0.004}
{ "successful":20,"mg":199.31,"time": 38.29674553871155 ,"accuracy":-0.003}
{ "successful":21,"mg":199.24,"time": 40.00851035118103 ,"accuracy":-0.004}
{ "successful":22,"mg":199.21,"time": 39.22820281982422 ,"accuracy":-0.004}
{ "successful":23,"mg":199.46,"time": 38.98499083518982 ,"accuracy":-0.003}
{ "successful":24,"mg":199.23,"time": 38.36968731880188 ,"accuracy":-0.004}
{ "successful":25,"mg":199.56,"time": 39.65562343597412 ,"accuracy":-0.002}
{ "successful":26,"mg":199.34,"time": 38.35398983955383 ,"accuracy":-0.003}
{ "successful":27,"mg":199.47,"time": 42.35688090324402 ,"accuracy":-0.003}
{ "successful":28,"mg":199.66,"time": 37.63765263557434 ,"accuracy":-0.002}
{ "successful":29,"mg":199.45,"time": 37.373252630233765 ,"accuracy":-0.003}
{ "successful":30,"mg":199.59,"time": 38.65669250488281 ,"accuracy":-0.002}
{ "successful":1,"mg":18.91,"time": 35.959579944610596 ,"accuracy":-0.054}
{ "successful":2,"mg":19.21,"time": 27.52122473716736 ,"accuracy":-0.039}
{ "successful":3,"mg":18.78,"time": 29.96991515159607 ,"accuracy":-0.061}
{ "successful":4,"mg":19.13,"time": 29.762608528137207 ,"accuracy":-0.044}
{ "successful":5,"mg":18.84,"time": 30.17735481262207 ,"accuracy":-0.058}
{ "successful":6,"mg":19.03,"time": 31.22910451889038 ,"accuracy":-0.048}
{ "successful":7,"mg":19.01,"time": 32.76368260383606 ,"accuracy":-0.049}
{ "successful":8,"mg":18.95,"time": 33.3248016834259 ,"accuracy":-0.053}
{ "successful":9,"mg":18.77,"time": 32.7214617729187 ,"accuracy":-0.062}
{ "successful":10,"mg":18.83,"time": 32.32804083824158 ,"accuracy":-0.059}
{ "successful":11,"mg":18.82,"time": 32.439802169799805 ,"accuracy":-0.059}
{ "successful":12,"mg":18.66,"time": 34.88407802581787 ,"accuracy":-0.067}
{ "successful":13,"mg":18.78,"time": 34.001410484313965 ,"accuracy":-0.061}
{ "successful":14,"mg":18.46,"time": 36.07487106323242 ,"accuracy":-0.077}
{ "successful":15,"mg":18.79,"time": 34.91148352622986 ,"accuracy":-0.061}
{ "successful":16,"mg":18.74,"time": 33.59915781021118 ,"accuracy":-0.063}
{ "successful":17,