{ "successful":1,"mg":1001.79,"time": 114.15308785438538 ,"accuracy":0.002}
{ "successful":2,"mg":1002.28,"time": 88.25268244743347 ,"accuracy":0.002}
{ "successful":3,"mg":1000.30,"time": 102.78049445152283 ,"accuracy":0.0}
{ "successful":4,"mg":1003.24,"time": 93.28509378433228 ,"accuracy":0.003}
{ "successful":5,"mg":1001.25,"time": 85.30405640602112 ,"accuracy":0.001}
{ "successful":6,"mg":1001.95,"time": 80.70084810256958 ,"accuracy":0.002}
{ "successful":7,"mg":1000.92,"time": 76.32470655441284 ,"accuracy":0.001}
{ "successful":8,"mg":1001.89,"time": 75.76391243934631 ,"accuracy":0.002}
{ "successful":9,"mg":1000.77,"time": 70.77709436416626 ,"accuracy":0.001}
{ "successful":10,"mg":999.86,"time": 71.26012086868286 ,"accuracy":-0.0}
{ "successful":11,"mg":1000.51,"time": 73.13458061218262 ,"accuracy":0.001}
{ "successful":12,"mg":999.63,"time": 70.25452494621277 ,"accuracy":-0.0}
{ "successful":13,"mg":999.26,"time": 71.9692633152008 ,"accuracy":-0.001}
{ "successful":14,"mg":999.05,"time": 71.447833776474 ,"accuracy":-0.001}
{ "successful":15,"mg":999.05,"time": 72.03458786010742 ,"accuracy":-0.001}
{ "successful":16,"mg":999.03,"time": 71.60118579864502 ,"accuracy":-0.001}
{ "successful":17,"mg":999.14,"time": 72.2189302444458 ,"accuracy":-0.001}
{ "successful":18,"mg":998.73,"time": 71.41220188140869 ,"accuracy":-0.001}
{ "successful":19,"mg":999.37,"time": 70.53845477104187 ,"accuracy":-0.001}
{ "successful":20,"mg":999.14,"time": 72.29106831550598 ,"accuracy":-0.001}
{ "successful":20,"mg":999.03,"time": 77.94851732254028 ,"accuracy":-0.001}
{ "successful":21,"mg":999.30,"time": 70.04803085327148 ,"accuracy":-0.001}
{ "successful":22,"mg":999.63,"time": 71.6678638458252 ,"accuracy":-0.0}
{ "successful":23,"mg":999.38,"time": 68.48683619499207 ,"accuracy":-0.001}
{ "successful":24,"mg":999.20,"time": 68.81078171730042 ,"accuracy":-0.001}
{ "successful":25,"mg":999.79,"time": 71.42313289642334 ,"accuracy":-0.0}
{ "successful":26,"mg":999.15,"time": 70.64728879928589 ,"accuracy":-0.001}
{ "successful":27,"mg":999.15,"time": 71.36291265487671 ,"accuracy":-0.001}
{ "successful":28,"mg":998.87,"time": 72.63906049728394 ,"accuracy":-0.001}
{ "successful":29,"mg":999.01,"time": 72.20059657096863 ,"accuracy":-0.001}
{ "successful":1,"mg":499.09,"time": 64.02804756164551 ,"accuracy":-0.002}
{ "successful":2,"mg":499.09,"time": 56.725253105163574 ,"accuracy":-0.002}
{ "successful":3,"mg":499.19,"time": 55.91866707801819 ,"accuracy":-0.002}
{ "successful":4,"mg":499.49,"time": 55.53466773033142 ,"accuracy":-0.001}
{ "successful":5,"mg":499.50,"time": 56.916685819625854 ,"accuracy":-0.001}
{ "successful":6,"mg":499.49,"time": 53.40730905532837 ,"accuracy":-0.001}
{ "successful":7,"mg":499.15,"time": 55.86345672607422 ,"accuracy":-0.002}
{ "successful":8,"mg":499.59,"time": 55.59454393386841 ,"accuracy":-0.001}
{ "successful":9,"mg":499.16,"time": 55.34727382659912 ,"accuracy":-0.002}
{ "successful":10,"mg":499.38,"time": 53.000293254852295 ,"accuracy":-0.001}
{ "successful":11,"mg":499.10,"time": 53.36583375930786 ,"accuracy":-0.002}
{ "successful":12,"mg":499.19,"time": 55.31783986091614 ,"accuracy":-0.002}
{ "successful":13,"mg":499.33,"time": 57.48657488822937 ,"accuracy":-0.001}
{ "successful":14,"mg":499.33,"time": 62.10184597969055 ,"accuracy":-0.001}
{ "successful":15,"mg":499.10,"time": 54.711896657943726 ,"accuracy":-0.002}
{ "successful":16,"mg":499.30,"time": 56.49208974838257 ,"accuracy":-0.001}
{ "successful":17,"mg":499.19,"time": 54.331146478652954 ,"accuracy":-0.002}
{ "successful":18,"mg":499.22,"time": 55.91292142868042 ,"accuracy":-0.002}
{ "successful":19,"mg":499.08,"time": 55.12087273597717 ,"accuracy":-0.002}
{ "successful":20,"mg":499.53,"time": 57.30971884727478 ,"accuracy":-0.001}
{ "successful":21,"mg":499.43,"time": 54.957305669784546 ,"accuracy":-0.001}
{ "successful":22,"mg":499.12,"time": 52.81027126312256 ,"accuracy":-0.002}
{ "successful":23,"mg":499.37,"time": 55.143473386764526 ,"accuracy":-0.001}
{ "successful":24,"mg":499.27,"time": 54.537413358688354 ,"accuracy":-0.001}
{ "successful":25,"mg":499.08,"time": 54.17226481437683 ,"accuracy":-0.002}
{ "successful":26,"mg":499.25,"time": 56.26114296913147 ,"accuracy":-0.002}
{ "successful":27,"mg":499.16,"time": 52.42007613182068 ,"accuracy":-0.002}
{ "successful":28,"mg":499.71,"time": 52.58774375915527 ,"accuracy":-0.001}
{ "successful":29,"mg":499.54,"time": 52.716493129730225 ,"accuracy":-0.001}
{ "successful":30,"mg":499.65,"time": 54.73473572731018 ,"accuracy":-0.001}
{ "successful":1,"mg":199.32,"time": 49.4895224571228 ,"accuracy":-0.003}
{ "successful":2,"mg":199.05,"time": 41.168048620224 ,"accuracy":-0.005}
{ "successful":3,"mg":199.43,"time": 42.02460050582886 ,"accuracy":-0.003}
{ "successful":4,"mg":198.94,"time": 40.87134051322937 ,"accuracy":-0.005}
{ "successful":5,"mg":199.47,"time": 40.72430729866028 ,"accuracy":-0.003}
{ "successful":6,"mg":199.78,"time": 41.568718910217285 ,"accuracy":-0.001}
{ "successful":7,"mg":199.52,"time": 41.886723041534424 ,"accuracy":-0.002}
{ "successful":8,"mg":199.25,"time": 40.36624717712402 ,"accuracy":-0.004}
{ "successful":9,"mg":199.70,"time": 40.42029571533203 ,"accuracy":-0.002}
{ "successful":10,"mg":199.58,"time": 40.63687586784363 ,"accuracy":-0.002}
{ "successful":11,"mg":199.74,"time": 40.991095304489136 ,"accuracy":-0.001}
{ "successful":12,"mg":200.11,"time": 42.92830562591553 ,"accuracy":0.001}
{ "successful":13,"mg":199.68,"time": 39.60146236419678 ,"accuracy":-0.002}
{ "successful":14,"mg":199.30,"time": 40.737168073654175 ,"accuracy":-0.003}
{ "successful":15,"mg":199.24,"time": 40.9085009098053 ,"accuracy":-0.004}
{ "successful":16,"mg":199.37,"time": 40.99405860900879 ,"accuracy":-0.003}
{ "successful":17,"mg":199.18,"time": 45.86472177505493 ,"accuracy":-0.004}
{ "successful":18,"mg":199.22,"time": 41.88658380508423 ,"accuracy":-0.004}
{ "successful":19,"mg":199.22,"time": 41.16598057746887 ,"accuracy":-0.004}
{ "successful":20,"mg":199.24,"time": 39.891834020614624 ,"accuracy":-0.004}
{ "successful":21,"mg":199.45,"time": 41.371312618255615 ,"accuracy":-0.003}
{ "successful":22,"mg":199.45,"time": 41.35061311721802 ,"accuracy":-0.003}
{ "successful":23,"mg":199.70,"time": 40.30830526351929 ,"accuracy":-0.002}
{ "successful":24,"mg":199.23,"time": 41.060659885406494 ,"accuracy":-0.004}
{ "successful":25,"mg":199.56,"time": 40.594462871551514 ,"accuracy":-0.002}
{ "successful":26,"mg":199.49,"time": 39.84836530685425 ,"accuracy":-0.003}
{ "successful":27,"mg":199.19,"time": 40.34023833274841 ,"accuracy":-0.004}
{ "successful":28,"mg":199.19,"time": 41.34582567214966 ,"accuracy":-0.004}
{ "successful":29,"mg":199.16,"time": 41.86314582824707 ,"accuracy":-0.004}
{ "successful":30,"mg":199.68,"time": 42.88144588470459 ,"accuracy":-0.002}
{ "successful":1,"mg":20.17,"time": 46.01921987533569 ,"accuracy":0.009}
{ "successful":2,"mg":20.10,"time": 34.88194537162781 ,"accuracy":0.005}
{ "successful":3,"mg":20.18,"time": 35.970890045166016 ,"accuracy":0.009}
{ "successful":4,"mg":20.22,"time": 35.00333857536316 ,"accuracy":0.011}
{ "successful":5,"mg":20.16,"time": 38.16862940788269 ,"accuracy":0.008}
{ "successful":6,"mg":20.07,"time": 38.424829721450806 ,"accuracy":0.004}
{ "successful":7,"mg":20.08,"time": 38.739697217941284 ,"accuracy":0.004}
{ "successful":8,"mg":20.18,"time": 38.233704566955566 ,"accuracy":0.009}
{ "successful":9,"mg":20.06,"time": 37.06967353820801 ,"accuracy":0.003}
{ "successful":10,"mg":20.15,"time": 37.0281867980957 ,"accuracy":0.007}
{ "successful":11,"mg":20.03,"time": 33.31575274467468 ,"accuracy":0.002}
{ "successful":12,"mg":20.03,"time": 33.115785360336304 ,"accuracy":0.002}
{ "successful":13,"mg":20.13,"time": 37.04811382293701 ,"accuracy":0.006}
{ "successful":14,"mg":19.95,"time": 32.53254818916321 ,"accuracy":-0.003}
{ "successful":15,"mg":20.04,"time": 34.699628829956055 ,"accuracy":0.002}
{ "successful":16,"mg":20.01,"time": 35.47403597831726 ,