{ "successful":1,"mg":1000.30,"time": 63.79623627662659 ,"accuracy":0.0}
{ "successful":2,"mg":1002.81,"time": 51.208972215652466 ,"accuracy":0.003}
{ "successful":3,"mg":1000.05,"time": 51.69244837760925 ,"accuracy":0.0}
{ "successful":4,"mg":1001.51,"time": 49.373069524765015 ,"accuracy":0.002}
{ "successful":5,"mg":999.51,"time": 52.12819838523865 ,"accuracy":-0.0}
{ "successful":6,"mg":1000.78,"time": 50.82150912284851 ,"accuracy":0.001}
{ "successful":7,"mg":999.50,"time": 52.187700510025024 ,"accuracy":-0.001}
{ "successful":8,"mg":999.82,"time": 48.66277194023132 ,"accuracy":-0.0}
{ "successful":9,"mg":1000.16,"time": 44.861980676651 ,"accuracy":0.0}
{ "successful":10,"mg":999.95,"time": 47.94125175476074 ,"accuracy":-0.0}
{ "successful":11,"mg":1000.68,"time": 49.14489817619324 ,"accuracy":0.001}
{ "successful":12,"mg":998.75,"time": 50.21822381019592 ,"accuracy":-0.001}
{ "successful":14,"mg":999.72,"time": 69.83983659744263 ,"accuracy":-0.0}
{ "successful":15,"mg":999.66,"time": 56.48713302612305 ,"accuracy":-0.0}
{ "successful":16,"mg":999.58,"time": 50.92376184463501 ,"accuracy":-0.0}
{ "successful":17,"mg":1001.15,"time": 55.89921998977661 ,"accuracy":0.001}
{ "successful":18,"mg":1000.29,"time": 54.05797219276428 ,"accuracy":0.0}
{ "successful":19,"mg":999.39,"time": 57.697550773620605 ,"accuracy":-0.001}
{ "successful":20,"mg":999.69,"time": 56.30979871749878 ,"accuracy":-0.0}
{ "successful":21,"mg":1000.73,"time": 51.083850145339966 ,"accuracy":0.001}
{ "successful":23,"mg":999.29,"time": 53.376792669296265 ,"accuracy":-0.001}
{ "successful":24,"mg":998.81,"time": 52.960572481155396 ,"accuracy":-0.001}
{ "successful":25,"mg":999.28,"time": 52.38598108291626 ,"accuracy":-0.001}
{ "successful":26,"mg":999.82,"time": 54.548155784606934 ,"accuracy":-0.0}
{ "successful":27,"mg":999.33,"time": 52.762248516082764 ,"accuracy":-0.001}
{ "successful":28,"mg":998.82,"time": 50.79119801521301 ,"accuracy":-0.001}
{ "successful":29,"mg":998.77,"time": 51.20048403739929 ,"accuracy":-0.001}
{ "successful":28,"mg":998.82,"time": 50.79119801521301 ,"accuracy":-0.001}
{ "successful":29,"mg":998.77,"time": 51.20048403739929 ,"accuracy":-0.001}
{ "successful":30,"mg":998.94,"time": 53.29011869430542 ,"accuracy":-0.001}
{ "successful":1,"mg":499.64,"time": 49.54485535621643 ,"accuracy":-0.001}
{ "successful":2,"mg":499.36,"time": 42.417152881622314 ,"accuracy":-0.001}
{ "successful":3,"mg":499.29,"time": 39.39073348045349 ,"accuracy":-0.001}
{ "successful":4,"mg":499.22,"time": 40.951205015182495 ,"accuracy":-0.002}
{ "successful":5,"mg":499.52,"time": 40.712969064712524 ,"accuracy":-0.001}
{ "successful":6,"mg":499.73,"time": 40.080891847610474 ,"accuracy":-0.001}
{ "successful":7,"mg":499.96,"time": 43.04458808898926 ,"accuracy":-0.0}
{ "successful":8,"mg":499.38,"time": 41.451783418655396 ,"accuracy":-0.001}
{ "successful":9,"mg":499.81,"time": 42.49375653266907 ,"accuracy":-0.0}
{ "successful":10,"mg":498.98,"time": 39.847882986068726 ,"accuracy":-0.002}
{ "successful":11,"mg":499.95,"time": 41.52595019340515 ,"accuracy":-0.0}
{ "successful":12,"mg":498.91,"time": 40.72444558143616 ,"accuracy":-0.002}
{ "successful":13,"mg":500.20,"time": 41.170992612838745 ,"accuracy":0.0}
{ "successful":14,"mg":498.55,"time": 40.13473987579346 ,"accuracy":-0.003}
{ "successful":15,"mg":499.83,"time": 39.89619851112366 ,"accuracy":-0.0}
{ "successful":16,"mg":499.67,"time": 42.65171456336975 ,"accuracy":-0.001}
{ "successful":17,"mg":499.15,"time": 39.408220529556274 ,"accuracy":-0.002}
{ "successful":18,"mg":499.79,"time": 39.80293321609497 ,"accuracy":-0.0}
{ "successful":19,"mg":499.59,"time": 41.63414740562439 ,"accuracy":-0.001}
{ "successful":20,"mg":499.83,"time": 38.82215929031372 ,"accuracy":-0.0}
{ "successful":21,"mg":499.23,"time": 38.18174719810486 ,"accuracy":-0.002}
{ "successful":22,"mg":499.30,"time": 40.892173290252686 ,"accuracy":-0.001}
{ "successful":23,"mg":498.96,"time": 41.59991717338562 ,"accuracy":-0.002}
{ "successful":24,"mg":499.72,"time": 40.11539602279663 ,"accuracy":-0.001}
{ "successful":25,"mg":500.16,"time": 40.72922110557556 ,"accuracy":0.0}
{ "successful":26,"mg":498.93,"time": 46.80397653579712 ,"accuracy":-0.002}
{ "successful":27,"mg":501.46,"time": 46.184394121170044 ,"accuracy":0.003}
{ "successful":28,"mg":499.44,"time": 39.37980628013611 ,"accuracy":-0.001}
{ "successful":29,"mg":499.20,"time": 39.73340106010437 ,"accuracy":-0.002}
{ "successful":30,"mg":499.85,"time": 43.843613386154175 ,"accuracy":-0.0}
{ "successful":1,"mg":198.91,"time": 42.42652440071106 ,"accuracy":-0.005}
{ "successful":2,"mg":200.49,"time": 35.83741569519043 ,"accuracy":0.002}
{ "successful":3,"mg":199.73,"time": 34.81630825996399 ,"accuracy":-0.001}
{ "successful":4,"mg":199.18,"time": 34.60711598396301 ,"accuracy":-0.004}
{ "successful":5,"mg":199.93,"time": 35.50159788131714 ,"accuracy":-0.0}
{ "successful":6,"mg":199.23,"time": 35.198540449142456 ,"accuracy":-0.004}
{ "successful":7,"mg":200.15,"time": 41.744215965270996 ,"accuracy":0.001}
{ "successful":8,"mg":199.43,"time": 35.288023233413696 ,"accuracy":-0.003}
{ "successful":9,"mg":200.56,"time": 36.583069801330566 ,"accuracy":0.003}
{ "successful":10,"mg":199.92,"time": 33.910184144973755 ,"accuracy":-0.0}
{ "successful":11,"mg":198.70,"time": 35.10202121734619 ,"accuracy":-0.007}
{ "successful":12,"mg":199.51,"time": 35.6646842956543 ,"accuracy":-0.002}
{ "successful":13,"mg":200.34,"time": 33.04390525817871 ,"accuracy":0.002}
{ "successful":14,"mg":200.82,"time": 34.318114280700684 ,"accuracy":0.004}
{ "successful":15,"mg":199.67,"time": 37.048917055130005 ,"accuracy":-0.002}
{ "successful":16,"mg":199.89,"time": 34.8070011138916 ,"accuracy":-0.001}
{ "successful":17,"mg":200.37,"time": 37.93784737586975 ,"accuracy":0.002}
{ "successful":18,"mg":199.88,"time": 34.763073444366455 ,"accuracy":-0.001}
{ "successful":19,"mg":200.17,"time": 36.2564902305603 ,"accuracy":0.001}
{ "successful":20,"mg":199.88,"time": 34.409595012664795 ,"accuracy":-0.001}
{ "successful":21,"mg":199.74,"time": 34.329893827438354 ,"accuracy":-0.001}
{ "successful":22,"mg":200.19,"time": 34.90934610366821 ,"accuracy":0.001}
{ "successful":23,"mg":199.38,"time": 35.877201318740845 ,"accuracy":-0.003}
{ "successful":24,"mg":199.70,"time": 36.11692261695862 ,"accuracy":-0.002}
{ "successful":25,"mg":200.12,"time": 33.91284990310669 ,"accuracy":0.001}
{ "successful":26,"mg":199.49,"time": 35.58708071708679 ,"accuracy":-0.003}
{ "successful":27,"mg":199.63,"time": 34.88802218437195 ,"accuracy":-0.002}
{ "successful":28,"mg":200.87,"time": 35.65765976905823 ,"accuracy":0.004}
{ "successful":29,"mg":199.50,"time": 33.64367437362671 ,"accuracy":-0.003}
{ "successful":30,"mg":200.41,"time": 33.51975727081299 ,"accuracy":0.002}
{ "successful":1,"mg":19.16,"time": 36.20306420326233 ,"accuracy":-0.042}
{ "successful":2,"mg":18.97,"time": 26.66088104248047 ,"accuracy":-0.052}
{ "successful":3,"mg":19.18,"time": 26.558656454086304 ,"accuracy":-0.041}
{ "successful":4,"mg":18.88,"time": 25.782707452774048 ,"accuracy":-0.056}
{ "successful":5,"mg":18.86,"time": 28.733108282089233 ,"accuracy":-0.057}
{ "successful":6,"mg":18.63,"time": 26.95093536376953 ,"accuracy":-0.069}
{ "successful":7,"mg":19.11,"time": 28.257664918899536 ,"accuracy":-0.045}
{ "successful":8,"mg":18.64,"time": 30.202658653259277 ,"accuracy":-0.068}
{ "successful":9,"mg":18.70,"time": 28.540844440460205 ,"accuracy":-0.065}
{ "successful":10,"mg":18.62,"time": 30.951361894607544 ,"accuracy":-0.069}
{ "successful":11,"mg":19.18,"time": 31.34392499923706 ,"accuracy":-0.041}
{ "successful":12,"mg":18.19,"time": 28.041115522384644 ,"accuracy":-0.09}
{ "successful":13,"mg":18.79,"time": 30.69784379005432 ,"accuracy":-0.061}
{ "successful":14,"mg":18.77,"time": 28.334831714630127 ,"accuracy":-0.062}
{ "successful":15,"mg":18.67,"time": 29.801868438720703 ,"accuracy":-0.066}
{ "successful":16,"mg":18.70,"time": 33.64794611930847 ,"accuracy":-0.065}
{ "successful":17,