{ "successful":1,"mg":1000.23,"time": 68.6223201751709 ,"accuracy":0.0}
{ "successful":2,"mg":1001.30,"time": 49.44839358329773 ,"accuracy":0.001}
{ "successful":3,"mg":1004.21,"time": 53.01655197143555 ,"accuracy":0.004}
{ "successful":4,"mg":1003.29,"time": 39.96302270889282 ,"accuracy":0.003}
{ "successful":5,"mg":1007.20,"time": 51.6430082321167 ,"accuracy":0.007}
{ "successful":6,"mg":1002.02,"time": 46.235769748687744 ,"accuracy":0.002}
{ "successful":7,"mg":1015.10,"time": 38.234532594680786 ,"accuracy":0.015}
{ "successful":8,"mg":1054.04,"time": 33.669148206710815 ,"accuracy":0.054}
{ "successful":9,"mg":1018.43,"time": 39.050472259521484 ,"accuracy":0.018}
{ "successful":10,"mg":1045.76,"time": 36.1376416683197 ,"accuracy":0.046}
{"accuracy":-1}
{ "successful":12,"mg":1013.21,"time": 45.134952545166016 ,"accuracy":0.013}
{ "successful":13,"mg":1006.59,"time": 68.15339350700378 ,"accuracy":0.007}
{ "successful":13,"mg":1002.73,"time": 54.94300031661987 ,"accuracy":0.003}
{ "successful":14,"mg":999.43,"time": 65.1662290096283 ,"accuracy":-0.001}
{ "successful":15,"mg":1002.02,"time": 50.03848934173584 ,"accuracy":0.002}
{ "successful":16,"mg":1002.52,"time": 40.216856241226196 ,"accuracy":0.003}
{ "successful":17,"mg":1002.66,"time": 39.69514226913452 ,"accuracy":0.003}
{ "successful":18,"mg":1006.86,"time": 42.11813402175903 ,"accuracy":0.007}
{ "successful":19,"mg":1004.52,"time": 38.82476329803467 ,"accuracy":0.005}
{ "successful":20,"mg":1020.90,"time": 39.519875288009644 ,"accuracy":0.021}
{ "successful":21,"mg":1003.71,"time": 38.497334241867065 ,"accuracy":0.004}
{ "successful":22,"mg":1010.68,"time": 39.121641397476196 ,"accuracy":0.011}
{ "successful":23,"mg":1007.75,"time": 40.607767820358276 ,"accuracy":0.008}
{ "successful":24,"mg":1008.12,"time": 37.43855428695679 ,"accuracy":0.008}
{ "successful":25,"mg":1002.02,"time": 38.45663380622864 ,"accuracy":0.002}
{ "successful":26,"mg":1000.74,"time": 36.492743492126465 ,"accuracy":0.001}
{ "successful":27,"mg":1002.26,"time": 40.692047119140625 ,"accuracy":0.002}
{ "successful":28,"mg":1005.84,"time": 38.23379564285278 ,"accuracy":0.006}
{ "successful":29,"mg":1003.79,"time": 40.61770820617676 ,"accuracy":0.004}
{ "successful":13,"mg":507.70,"time": 43.661181688308716 ,"accuracy":0.015}
{ "successful":14,"mg":507.29,"time": 40.920987129211426 ,"accuracy":0.015}
{ "successful":15,"mg":500.63,"time": 37.64481806755066 ,"accuracy":0.001}
{ "successful":16,"mg":502.01,"time": 37.10365080833435 ,"accuracy":0.004}
{ "successful":17,"mg":500.89,"time": 32.2394757270813 ,"accuracy":0.002}
{ "successful":18,"mg":504.33,"time": 40.04264855384827 ,"accuracy":0.009}
{ "successful":19,"mg":508.96,"time": 39.42753052711487 ,"accuracy":0.018}
{ "successful":20,"mg":520.35,"time": 37.286787033081055 ,"accuracy":0.041}
{ "successful":21,"mg":512.94,"time": 32.949854373931885 ,"accuracy":0.026}
{ "successful":22,"mg":502.31,"time": 42.17452907562256 ,"accuracy":0.005}
{ "successful":23,"mg":508.99,"time": 34.319716930389404 ,"accuracy":0.018}
{ "successful":24,"mg":504.45,"time": 36.10678005218506 ,"accuracy":0.009}
{ "successful":25,"mg":505.43,"time": 39.613818407058716 ,"accuracy":0.011}
{ "successful":26,"mg":508.80,"time": 41.19998621940613 ,"accuracy":0.018}
{ "successful":27,"mg":513.50,"time": 41.539647817611694 ,"accuracy":0.027}
{ "successful":28,"mg":503.14,"time": 35.2851037979126 ,"accuracy":0.006}
{ "successful":29,"mg":504.46,"time": 35.98053526878357 ,"accuracy":0.009}
{ "successful":30,"mg":504.21,"time": 37.05954027175903 ,"accuracy":0.008}
{ "successful":31,"mg":505.83,"time": 38.873536109924316 ,"accuracy":0.012}
{ "successful":1,"mg":505.30,"time": 32.444403648376465 ,"accuracy":0.011}
{ "successful":2,"mg":504.92,"time": 36.77611827850342 ,"accuracy":0.01}
{ "successful":3,"mg":502.64,"time": 37.45629954338074 ,"accuracy":0.005}
{ "successful":4,"mg":522.65,"time": 38.086397886276245 ,"accuracy":0.045}
{ "successful":5,"mg":508.84,"time": 34.497246980667114 ,"accuracy":0.018}
{ "successful":6,"mg":510.80,"time": 35.00018787384033 ,"accuracy":0.022}
{ "successful":7,"mg":507.82,"time": 35.515557289123535 ,"accuracy":0.016}
{ "successful":8,"mg":513.24,"time": 36.41541004180908 ,"accuracy":0.026}
{ "successful":9,"mg":521.18,"time": 34.6497483253479 ,"accuracy":0.042}
{ "successful":10,"mg":504.58,"time": 35.290894746780396 ,"accuracy":0.009}
{ "successful":11,"mg":502.18,"time": 37.664435148239136 ,"accuracy":0.004}
{ "successful":1,"mg":201.24,"time": 53.194013595581055 ,"accuracy":0.006}
{ "successful":2,"mg":203.99,"time": 40.038161516189575 ,"accuracy":0.02}
{ "successful":3,"mg":199.59,"time": 42.17223286628723 ,"accuracy":-0.002}
{ "successful":4,"mg":202.69,"time": 45.53908848762512 ,"accuracy":0.013}
{ "successful":5,"mg":200.86,"time": 40.764800786972046 ,"accuracy":0.004}
{ "successful":6,"mg":208.45,"time": 43.72264099121094 ,"accuracy":0.042}
{ "successful":7,"mg":201.13,"time": 43.52453374862671 ,"accuracy":0.006}
{ "successful":8,"mg":204.33,"time": 36.58210062980652 ,"accuracy":0.022}
{ "successful":9,"mg":202.38,"time": 40.16139769554138 ,"accuracy":0.012}
{ "successful":10,"mg":202.74,"time": 37.595590114593506 ,"accuracy":0.014}
{ "successful":11,"mg":206.15,"time": 32.92439007759094 ,"accuracy":0.031}
{ "successful":12,"mg":207.60,"time": 32.178221464157104 ,"accuracy":0.038}
{ "successful":13,"mg":201.95,"time": 33.58844041824341 ,"accuracy":0.01}
{ "successful":14,"mg":205.94,"time": 36.65017604827881 ,"accuracy":0.03}
{ "successful":15,"mg":202.66,"time": 36.84794616699219 ,"accuracy":0.013}
{ "successful":16,"mg":210.76,"time": 33.56337571144104 ,"accuracy":0.054}
{ "successful":17,"mg":203.77,"time": 32.072882413864136 ,"accuracy":0.019}
{ "successful":18,"mg":207.95,"time": 30.039814233779907 ,"accuracy":0.04}
{ "successful":19,"mg":202.91,"time": 29.563884019851685 ,"accuracy":0.015}
{ "successful":20,"mg":205.77,"time": 30.675817728042603 ,"accuracy":0.029}
{ "successful":21,"mg":209.49,"time": 36.28754639625549 ,"accuracy":0.047}
{ "successful":22,"mg":203.54,"time": 41.36711645126343 ,"accuracy":0.018}
{ "successful":23,"mg":204.72,"time": 41.424546241760254 ,"accuracy":0.024}
{ "successful":24,"mg":203.76,"time": 37.191219091415405 ,"accuracy":0.019}
{ "successful":25,"mg":203.06,"time": 41.82367753982544 ,"accuracy":0.015}
{ "successful":26,"mg":204.82,"time": 41.33760976791382 ,"accuracy":0.024}
{ "successful":27,"mg":202.27,"time": 39.86817502975464 ,"accuracy":0.011}
{ "successful":28,"mg":201.00,"time": 37.76455092430115 ,"accuracy":0.005}
{ "successful":29,"mg":206.25,"time": 37.66227602958679 ,"accuracy":0.031}
{ "successful":30,"mg":205.38,"time": 35.90441036224365 ,"accuracy":0.027}
{ "successful":1,"mg":27.11,"time": 30.56343388557434 ,"accuracy":0.355}
{ "successful":2,"mg":23.06,"time": 19.859736680984497 ,"accuracy":0.153}
{ "successful":3,"mg":22.20,"time": 21.51847767829895 ,"accuracy":0.11}
{ "successful":4,"mg":19.86,"time": 19.95781683921814 ,"accuracy":-0.007}
{ "successful":5,"mg":27.47,"time": 19.955989837646484 ,"accuracy":0.373}
{ "successful":6,"mg":26.66,"time": 19.771681785583496 ,"accuracy":0.333}
{ "successful":7,"mg":26.93,"time": 20.532005310058594 ,"accuracy":0.346}
{ "successful":8,"mg":29.43,"time": 18.769070625305176 ,"accuracy":0.471}
{ "successful":9,"mg":25.93,"time": 19.94207525253296 ,"accuracy":0.296}
{ "successful":10,"mg":22.32,"time": 20.137813568115234 ,"accuracy":0.116}
{ "successful":11,"mg":31.81,"time": 20.369585275650024 ,"accuracy":0.59}
{ "successful":12,"mg":34.26,"time": 20.504982233047485 ,"accuracy":0.713}
{ "successful":13,"mg":24.92,"time": 22.690030097961426 ,"accuracy":0.246}
{ "successful":14,"mg":27.90,"time": 18.774439811706543 ,"accuracy":0.395}
{ "successful":15,"mg":19.45,"time": 23.674785614013672 ,"accuracy":-0.028}
{ "successful":16,"mg":25.46,"time": 21.13605237007141 ,"accuracy":0.273}
{ "successful":17,"mg":27.37,"time": 19.33985710144043 ,