{"block": 0,"mg": 0,"accuracy":-1.0}
{ "successful":1,"mg":998.50,"time": 112.62567138671875 ,"accuracy":-0.002}
{ "successful":2,"mg":999.14,"time": 102.15310192108154 ,"accuracy":-0.001}
{ "successful":3,"mg":999.01,"time": 102.03507089614868 ,"accuracy":-0.001}
{ "successful":4,"mg":998.29,"time": 104.0961287021637 ,"accuracy":-0.002}
{ "successful":5,"mg":999.12,"time": 102.21936678886414 ,"accuracy":-0.001}
{ "successful":6,"mg":998.68,"time": 100.80634140968323 ,"accuracy":-0.001}
{ "successful":7,"mg":998.56,"time": 94.45292258262634 ,"accuracy":-0.001}
{ "successful":8,"mg":998.59,"time": 88.21445202827454 ,"accuracy":-0.001}
{ "successful":1,"mg":998.68,"time": 116.11527681350708 ,"accuracy":-0.001}
{ "successful":2,"mg":998.50,"time": 99.66508913040161 ,"accuracy":-0.002}
{ "successful":3,"mg":998.77,"time": 100.78331112861633 ,"accuracy":-0.001}
{ "successful":4,"mg":998.52,"time": 102.31915760040283 ,"accuracy":-0.001}
{ "successful":5,"mg":998.90,"time": 102.9833152294159 ,"accuracy":-0.001}
{ "successful":6,"mg":998.75,"time": 105.15311646461487 ,"accuracy":-0.001}
{ "successful":7,"mg":999.50,"time": 100.59967231750488 ,"accuracy":-0.001}
{ "successful":8,"mg":998.72,"time": 101.19059681892395 ,"accuracy":-0.001}
{ "successful":9,"mg":998.37,"time": 95.91344261169434 ,"accuracy":-0.002}
{ "successful":10,"mg":999.57,"time": 92.55104327201843 ,"accuracy":-0.0}
{ "successful":11,"mg":999.51,"time": 87.44608068466187 ,"accuracy":-0.0}
{ "successful":12,"mg":998.49,"time": 105.9597475528717 ,"accuracy":-0.002}
{ "successful":13,"mg":998.73,"time": 94.85787272453308 ,"accuracy":-0.001}
{ "successful":14,"mg":998.70,"time": 98.88138270378113 ,"accuracy":-0.001}
{ "successful":15,"mg":998.25,"time": 99.75482726097107 ,"accuracy":-0.002}
{ "successful":16,"mg":998.45,"time": 96.61100625991821 ,"accuracy":-0.002}
{ "successful":17,"mg":998.46,"time": 96.73613619804382 ,"accuracy":-0.002}
{ "successful":18,"mg":998.42,"time": 94.2454526424408 ,"accuracy":-0.002}
{ "successful":19,"mg":999.36,"time": 94.50946068763733 ,"accuracy":-0.001}
{ "successful":20,"mg":998.81,"time": 94.52665591239929 ,"accuracy":-0.001}
{ "successful":21,"mg":998.75,"time": 90.54312515258789 ,"accuracy":-0.001}
{ "successful":1,"mg":498.41,"time": 90.11764574050903 ,"accuracy":-0.003}
{ "successful":2,"mg":498.53,"time": 83.83953547477722 ,"accuracy":-0.003}
{ "successful":3,"mg":498.84,"time": 89.38375759124756 ,"accuracy":-0.002}
{ "successful":4,"mg":501.12,"time": 88.8251404762268 ,"accuracy":0.002}
{ "successful":4,"mg":501.12,"time": 88.8251404762268 ,"accuracy":0.002}
{ "successful":6,"mg":498.40,"time": 81.79892611503601 ,"accuracy":-0.003}
{ "successful":7,"mg":498.72,"time": 73.2462010383606 ,"accuracy":-0.003}
{ "successful":8,"mg":498.92,"time": 74.6141586303711 ,"accuracy":-0.002}
{ "successful":9,"mg":499.28,"time": 75.68891835212708 ,"accuracy":-0.001}
{ "successful":10,"mg":499.24,"time": 75.00177836418152 ,"accuracy":-0.002}
{ "successful":11,"mg":498.82,"time": 73.63572025299072 ,"accuracy":-0.002}
{ "successful":12,"mg":498.42,"time": 74.48047518730164 ,"accuracy":-0.003}
{ "successful":13,"mg":498.99,"time": 70.6205747127533 ,"accuracy":-0.002}
{ "successful":14,"mg":498.88,"time": 74.99891209602356 ,"accuracy":-0.002}
{ "successful":15,"mg":499.32,"time": 77.00562000274658 ,"accuracy":-0.001}
{ "successful":16,"mg":498.47,"time": 82.58154630661011 ,"accuracy":-0.003}
{ "successful":17,"mg":498.89,"time": 76.58077502250671 ,"accuracy":-0.002}
{ "successful":18,"mg":498.80,"time": 78.46511173248291 ,"accuracy":-0.002}
{ "successful":19,"mg":498.44,"time": 76.80022549629211 ,"accuracy":-0.003}
{ "successful":20,"mg":498.55,"time": 73.88370513916016 ,"accuracy":-0.003}
{ "successful":21,"mg":500.30,"time": 76.63919377326965 ,"accuracy":0.001}
{ "successful":23,"mg":498.31,"time": 104.45508456230164 ,"accuracy":-0.003}
{ "successful":24,"mg":498.50,"time": 83.69229125976562 ,"accuracy":-0.003}
{ "successful":25,"mg":498.44,"time": 76.54682064056396 ,"accuracy":-0.003}
{ "successful":26,"mg":499.71,"time": 68.61337947845459 ,"accuracy":-0.001}
{ "successful":27,"mg":498.66,"time": 62.54150724411011 ,"accuracy":-0.003}
{ "successful":28,"mg":499.04,"time": 64.73209381103516 ,"accuracy":-0.002}
{ "successful":29,"mg":498.74,"time": 62.30313968658447 ,"accuracy":-0.003}
{ "successful":30,"mg":498.92,"time": 64.42631220817566 ,"accuracy":-0.002}
{ "successful":31,"mg":498.38,"time": 63.0325448513031 ,"accuracy":-0.003}
{ "successful":1,"mg":198.46,"time": 55.56640005111694 ,"accuracy":-0.008}
{ "successful":2,"mg":199.12,"time": 48.9350848197937 ,"accuracy":-0.004}
{ "successful":3,"mg":198.48,"time": 50.267226457595825 ,"accuracy":-0.008}
{ "successful":4,"mg":198.72,"time": 49.05892300605774 ,"accuracy":-0.006}
{ "successful":5,"mg":200.33,"time": 46.73883366584778 ,"accuracy":0.002}
{ "successful":6,"mg":198.80,"time": 46.95646524429321 ,"accuracy":-0.006}
{ "successful":7,"mg":198.70,"time": 49.8793249130249 ,"accuracy":-0.007}
{ "successful":8,"mg":198.67,"time": 49.066338777542114 ,"accuracy":-0.007}
{ "successful":9,"mg":198.60,"time": 50.41943025588989 ,"accuracy":-0.007}
{ "successful":10,"mg":198.77,"time": 51.014132022857666 ,"accuracy":-0.006}
{ "successful":11,"mg":198.25,"time": 50.441139221191406 ,"accuracy":-0.009}
{ "successful":12,"mg":198.48,"time": 52.38025641441345 ,"accuracy":-0.008}
{ "successful":13,"mg":199.03,"time": 50.08290076255798 ,"accuracy":-0.005}
{ "successful":14,"mg":199.30,"time": 47.915332555770874 ,"accuracy":-0.003}
{ "successful":15,"mg":199.23,"time": 50.84380650520325 ,"accuracy":-0.004}
{ "successful":16,"mg":199.27,"time": 48.277831077575684 ,"accuracy":-0.004}
{ "successful":17,"mg":198.65,"time": 46.13790225982666 ,"accuracy":-0.007}
{ "successful":18,"mg":199.23,"time": 47.68638610839844 ,"accuracy":-0.004}
{ "successful":19,"mg":198.90,"time": 45.912121295928955 ,"accuracy":-0.005}
{ "successful":20,"mg":198.54,"time": 48.57712960243225 ,"accuracy":-0.007}
{ "successful":21,"mg":198.43,"time": 45.51572132110596 ,"accuracy":-0.008}
{ "successful":22,"mg":199.16,"time": 47.60904240608215 ,"accuracy":-0.004}
{ "successful":23,"mg":198.91,"time": 47.151305198669434 ,"accuracy":-0.005}
{ "successful":24,"mg":198.54,"time": 48.18483114242554 ,"accuracy":-0.007}
{ "successful":25,"mg":199.63,"time": 46.900714635849 ,"accuracy":-0.002}
{ "successful":26,"mg":199.93,"time": 44.376410722732544 ,"accuracy":-0.0}
{ "successful":27,"mg":199.21,"time": 46.46888709068298 ,"accuracy":-0.004}
{ "successful":28,"mg":198.74,"time": 48.905232667922974 ,"accuracy":-0.006}
{ "successful":29,"mg":198.80,"time": 52.2951774597168 ,"accuracy":-0.006}
{ "successful":30,"mg":198.95,"time": 51.066524505615234 ,"accuracy":-0.005}
{ "successful":1,"mg":19.00,"time": 45.05078649520874 ,"accuracy":-0.05}
{ "successful":2,"mg":18.79,"time": 36.85586929321289 ,"accuracy":-0.061}
{ "successful":3,"mg":19.19,"time": 32.722994565963745 ,"accuracy":-0.04}
{ "successful":4,"mg":19.33,"time": 34.62652087211609 ,"accuracy":-0.034}
{ "successful":5,"mg":18.39,"time": 33.679320335388184 ,"accuracy":-0.08}
{ "successful":6,"mg":18.45,"time": 34.57801270484924 ,"accuracy":-0.078}
{ "successful":7,"mg":18.94,"time": 34.70165753364563 ,"accuracy":-0.053}
{ "successful":8,"mg":18.66,"time": 33.55987286567688 ,"accuracy":-0.067}
{ "successful":9,"mg":18.47,"time": 33.58386254310608 ,"accuracy":-0.077}
{ "successful":10,"mg":18.61,"time": 29.81626319885254 ,"accuracy":-0.07}
{ "successful":11,"mg":18.63,"time": 31.95098042488098 ,"accuracy":-0.069}
{ "successful":12,"mg":18.65,"time": 33.679630517959595 ,"accuracy":-0.068}
{ "successful":13,"mg":19.52,"time": 34.42709469795227 ,"accuracy":-0.024}
{ "successful":14,"mg":19.56,"time": 33.24188733100891 ,"accuracy":-0.022}
{ "successful":15,"mg":18.83,"time": 28.719173431396484 ,"accuracy":-0.059}
{ "successful":16,"mg":18.57,"time": 32.17374873161316 ,"accuracy":-0.071}
{ "successful":17,"mg":18.97,