{ "successful":1,"mg":999.73,"time": 67.20520663261414 ,"accuracy":-0.0}
{ "successful":2,"mg":999.68,"time": 55.37647271156311 ,"accuracy":-0.0}
{ "successful":3,"mg":1001.51,"time": 51.022801637649536 ,"accuracy":0.002}
{ "successful":4,"mg":1003.23,"time": 53.7755560874939 ,"accuracy":0.003}
{ "accuracy":-1}
{ "successful":5,"mg":1003.73,"time": 64.9840018749237 ,"accuracy":0.004}
{ "successful":6,"mg":999.54,"time": 57.89446806907654 ,"accuracy":-0.0}
{ "successful":7,"mg":1001.60,"time": 57.69120931625366 ,"accuracy":0.002}
{ "successful":8,"mg":1000.39,"time": 58.34507465362549 ,"accuracy":0.0}
{ "successful":9,"mg":1000.81,"time": 54.75900197029114 ,"accuracy":0.001}
{ "successful":10,"mg":999.87,"time": 53.96726846694946 ,"accuracy":-0.0}
{ "successful":11,"mg":1000.50,"time": 55.39364695549011 ,"accuracy":0.001}
{ "successful":12,"mg":1001.06,"time": 58.121256828308105 ,"accuracy":0.001}
{ "successful":13,"mg":1000.33,"time": 56.30419564247131 ,"accuracy":0.0}
{ "successful":14,"mg":999.06,"time": 62.79237747192383 ,"accuracy":-0.001}
{ "successful":15,"mg":998.56,"time": 63.95663857460022 ,"accuracy":-0.001}
{ "successful":16,"mg":999.28,"time": 76.57929062843323 ,"accuracy":-0.001}
{ "successful":17,"mg":999.31,"time": 84.09750843048096 ,"accuracy":-0.001}
{ "accuracy":-1,"blocking": 0 }
{ "successful":18,"mg":1054.30,"time": 47.29844832420349 ,"accuracy":0.054}
{ "successful":19,"mg":1013.49,"time": 38.24834227561951 ,"accuracy":0.013}
{ "successful":20,"mg":1001.12,"time": 48.186471939086914 ,"accuracy":0.001}
{ "successful":21,"mg":1002.33,"time": 37.30429649353027 ,"accuracy":0.002}
{ "successful":22,"mg":1000.68,"time": 35.690117835998535 ,"accuracy":0.001}
{ "successful":23,"mg":1005.73,"time": 35.41651105880737 ,"accuracy":0.006}
{ "successful":24,"mg":1006.01,"time": 38.095962047576904 ,"accuracy":0.006}
{ "successful":25,"mg":1003.30,"time": 38.80278444290161 ,"accuracy":0.003}
{ "successful":26,"mg":1000.07,"time": 48.05374526977539 ,"accuracy":0.0}
{ "successful":27,"mg":1004.57,"time": 61.82362151145935 ,"accuracy":0.005}
{ "successful":28,"mg":1004.49,"time": 51.152156591415405 ,"accuracy":0.004}
{ "successful":1,"mg":500.54,"time": 56.48590445518494 ,"accuracy":0.001}
{ "successful":2,"mg":499.60,"time": 43.67633867263794 ,"accuracy":-0.001}
{ "successful":3,"mg":506.69,"time": 42.69322633743286 ,"accuracy":0.013}
{ "successful":4,"mg":498.85,"time": 43.68476581573486 ,"accuracy":-0.002}
{ "successful":5,"mg":499.10,"time": 44.00736045837402 ,"accuracy":-0.002}
{ "successful":6,"mg":499.27,"time": 44.32192325592041 ,"accuracy":-0.001}
{ "successful":7,"mg":499.20,"time": 42.530308961868286 ,"accuracy":-0.002}
{ "successful":8,"mg":499.51,"time": 40.6142361164093 ,"accuracy":-0.001}
{ "successful":9,"mg":500.54,"time": 41.76848268508911 ,"accuracy":0.001}
{ "successful":10,"mg":499.08,"time": 40.48568677902222 ,"accuracy":-0.002}
{ "successful":11,"mg":500.28,"time": 44.940746545791626 ,"accuracy":0.001}
{ "successful":12,"mg":500.09,"time": 37.669469356536865 ,"accuracy":0.0}
{ "successful":13,"mg":498.63,"time": 46.68833327293396 ,"accuracy":-0.003}
{ "successful":14,"mg":500.44,"time": 41.770702600479126 ,"accuracy":0.001}
{ "successful":15,"mg":499.73,"time": 43.59703183174133 ,"accuracy":-0.001}
{ "successful":16,"mg":500.96,"time": 46.04645371437073 ,"accuracy":0.002}
{ "successful":17,"mg":500.96,"time": 41.14829063415527 ,"accuracy":0.002}
{ "successful":18,"mg":499.40,"time": 41.62217855453491 ,"accuracy":-0.001}
{ "successful":19,"mg":499.13,"time": 42.17620062828064 ,"accuracy":-0.002}
{ "successful":20,"mg":499.17,"time": 44.49797058105469 ,"accuracy":-0.002}
{ "successful":21,"mg":499.27,"time": 47.65415406227112 ,"accuracy":-0.001}
{ "successful":22,"mg":498.54,"time": 51.28779602050781 ,"accuracy":-0.003}
{ "successful":23,"mg":498.94,"time": 55.75932955741882 ,"accuracy":-0.002}
{ "successful":24,"mg":498.51,"time": 55.75676965713501 ,"accuracy":-0.003}
{ "successful":25,"mg":499.50,"time": 56.303173303604126 ,"accuracy":-0.001}
{ "successful":26,"mg":499.46,"time": 60.875349044799805 ,"accuracy":-0.001}
{ "successful":27,"mg":499.89,"time": 40.649054765701294 ,"accuracy":-0.0}
{ "successful":28,"mg":500.88,"time": 38.31408929824829 ,"accuracy":0.002}
{ "successful":29,"mg":501.18,"time": 40.20124673843384 ,"accuracy":0.002}
{ "successful":30,"mg":499.55,"time": 41.926823139190674 ,"accuracy":-0.001}
{ "successful":1,"mg":199.63,"time": 42.44654679298401 ,"accuracy":-0.002}
{ "successful":2,"mg":198.68,"time": 29.965972423553467 ,"accuracy":-0.007}
{ "successful":3,"mg":200.99,"time": 32.32267117500305 ,"accuracy":0.005}
{ "successful":4,"mg":198.91,"time": 35.48213195800781 ,"accuracy":-0.005}
{ "successful":5,"mg":200.26,"time": 32.89974522590637 ,"accuracy":0.001}
{ "successful":6,"mg":201.51,"time": 30.649599313735962 ,"accuracy":0.008}
{ "successful":7,"mg":201.30,"time": 35.0936233997345 ,"accuracy":0.007}
{ "successful":8,"mg":201.66,"time": 33.29886794090271 ,"accuracy":0.008}
{ "successful":9,"mg":202.73,"time": 31.74545121192932 ,"accuracy":0.014}
{ "successful":10,"mg":201.10,"time": 33.54936337471008 ,"accuracy":0.005}
{ "successful":11,"mg":202.06,"time": 33.1170117855072 ,"accuracy":0.01}
{ "successful":12,"mg":200.28,"time": 33.13779425621033 ,"accuracy":0.001}
{ "successful":13,"mg":201.09,"time": 33.63200855255127 ,"accuracy":0.005}
{ "successful":14,"mg":200.01,"time": 35.871746301651 ,"accuracy":0.0}
{ "successful":15,"mg":201.37,"time": 32.58306336402893 ,"accuracy":0.007}
{ "successful":16,"mg":200.26,"time": 32.436304330825806 ,"accuracy":0.001}
{ "successful":17,"mg":202.35,"time": 31.83134889602661 ,"accuracy":0.012}
{ "successful":18,"mg":202.80,"time": 32.178908586502075 ,"accuracy":0.014}
{ "successful":19,"mg":200.38,"time": 45.123753786087036 ,"accuracy":0.002}
{ "successful":20,"mg":200.22,"time": 39.659088373184204 ,"accuracy":0.001}
{ "successful":21,"mg":202.11,"time": 36.07885217666626 ,"accuracy":0.011}
{ "successful":22,"mg":199.76,"time": 33.7163405418396 ,"accuracy":-0.001}
{ "successful":23,"mg":199.66,"time": 32.92207646369934 ,"accuracy":-0.002}
{ "successful":24,"mg":201.21,"time": 33.321717977523804 ,"accuracy":0.006}
{ "successful":25,"mg":200.94,"time": 33.302873611450195 ,"accuracy":0.005}
{ "successful":26,"mg":203.46,"time": 30.370004415512085 ,"accuracy":0.017}
{ "successful":27,"mg":201.68,"time": 33.48837065696716 ,"accuracy":0.008}
{ "successful":28,"mg":200.29,"time": 34.694878578186035 ,"accuracy":0.001}
{ "successful":29,"mg":200.20,"time": 29.422080039978027 ,"accuracy":0.001}
{ "successful":30,"mg":200.71,"time": 32.12970805168152 ,"accuracy":0.004}
{ "successful":1,"mg":19.26,"time": 33.60640597343445 ,"accuracy":-0.037}
{ "successful":2,"mg":19.98,"time": 26.058588981628418 ,"accuracy":-0.001}
{ "successful":3,"mg":19.13,"time": 29.19679093360901 ,"accuracy":-0.044}
{ "successful":4,"mg":19.84,"time": 26.059771060943604 ,"accuracy":-0.008}
{ "successful":5,"mg":19.22,"time": 27.624393463134766 ,"accuracy":-0.039}
{ "successful":6,"mg":19.07,"time": 25.249274969100952 ,"accuracy":-0.046}
{ "successful":7,"mg":18.78,"time": 27.222397327423096 ,"accuracy":-0.061}
{ "successful":8,"mg":19.94,"time": 28.21878480911255 ,"accuracy":-0.003}
{ "successful":9,"mg":18.90,"time": 29.39463233947754 ,"accuracy":-0.055}
{ "successful":10,"mg":19.07,"time": 31.154985666275024 ,"accuracy":-0.046}
{ "successful":11,"mg":19.19,"time": 30.559656858444214 ,"accuracy":-0.04}
{ "successful":12,"mg":18.57,"time": 30.761109590530396 ,"accuracy":-0.071}
{ "successful":13,"mg":19.13,"time": 30.173766613006592 ,"accuracy":-0.044}
{ "successful":14,"mg":18.87,"time": 33.72049427032471 ,"accuracy":-0.056}
{ "successful":15,"mg":19.46,"time": 33.52643179893494 ,"accuracy":-0.027}
{ "successful":16,"mg":18.62,"time": 31.94380760192871 ,"accuracy":-0.069}
{ "successful":17,"mg":19.00,"time": 33.71212553977966 ,"accuracy":-0.05}
{ "successful":18,"mg":18.74,"time": 31.16876482963562 ,