{ "successful":1,"mg":1001.66,"time": 49.942498207092285 ,"accuracy":0.002}
{ "successful":2,"mg":1000.29,"time": 39.39136862754822 ,"accuracy":0.0}
{ "successful":3,"mg":1004.16,"time": 41.55618715286255 ,"accuracy":0.004}
{ "successful":4,"mg":1000.37,"time": 39.37369465827942 ,"accuracy":0.0}
{ "successful":5,"mg":1000.23,"time": 39.11418080329895 ,"accuracy":0.0}
{ "successful":6,"mg":1001.37,"time": 36.41353964805603 ,"accuracy":0.001}
{ "successful":7,"mg":1005.00,"time": 40.47189116477966 ,"accuracy":0.005}
{ "successful":8,"mg":999.48,"time": 36.668763637542725 ,"accuracy":-0.001}
{ "successful":9,"mg":1003.92,"time": 37.02127432823181 ,"accuracy":0.004}
{ "successful":10,"mg":1002.91,"time": 39.57450819015503 ,"accuracy":0.003}
{ "successful":11,"mg":999.85,"time": 40.563262701034546 ,"accuracy":-0.0}
{ "successful":12,"mg":1000.75,"time": 38.366355657577515 ,"accuracy":0.001}
{ "successful":13,"mg":1001.92,"time": 36.745941162109375 ,"accuracy":0.002}
{ "successful":14,"mg":1003.07,"time": 39.028069257736206 ,"accuracy":0.003}
{ "successful":15,"mg":1002.46,"time": 40.54989457130432 ,"accuracy":0.002}
{ "successful":16,"mg":1000.17,"time": 36.64817571640015 ,"accuracy":0.0}
{ "successful":17,"mg":1003.50,"time": 35.65037798881531 ,"accuracy":0.004}
{ "successful":18,"mg":1003.17,"time": 37.997854709625244 ,"accuracy":0.003}
{ "successful":19,"mg":1004.71,"time": 40.70144581794739 ,"accuracy":0.005}
{ "successful":20,"mg":1001.06,"time": 39.127079248428345 ,"accuracy":0.001}
{ "successful":21,"mg":1001.00,"time": 38.02336764335632 ,"accuracy":0.001}
{ "successful":22,"mg":1000.78,"time": 38.811501026153564 ,"accuracy":0.001}
{ "successful":23,"mg":999.84,"time": 45.69128632545471 ,"accuracy":-0.0}
{ "successful":24,"mg":999.84,"time": 49.387861251831055 ,"accuracy":-0.0}
{ "successful":25,"mg":999.87,"time": 52.26933932304382 ,"accuracy":-0.0}
{ "successful":26,"mg":1000.40,"time": 53.23238277435303 ,"accuracy":0.0}
{ "successful":27,"mg":999.18,"time": 48.17067241668701 ,"accuracy":-0.001}
{ "successful":28,"mg":1001.53,"time": 38.943729877471924 ,"accuracy":0.002}
{ "successful":29,"mg":1004.36,"time": 35.60860896110535 ,"accuracy":0.004}
{ "successful":30,"mg":1002.42,"time": 42.44104480743408 ,"accuracy":0.002}
{ "successful":1,"mg":505.56,"time": 40.78283143043518 ,"accuracy":0.011}
{ "successful":2,"mg":504.94,"time": 32.69971799850464 ,"accuracy":0.01}
{ "successful":3,"mg":504.75,"time": 32.87517976760864 ,"accuracy":0.009}
{ "successful":4,"mg":502.27,"time": 31.734251022338867 ,"accuracy":0.005}
{ "successful":5,"mg":501.18,"time": 32.51248860359192 ,"accuracy":0.002}
{ "successful":6,"mg":501.31,"time": 36.40879988670349 ,"accuracy":0.003}
{ "successful":7,"mg":500.53,"time": 34.21324348449707 ,"accuracy":0.001}
{ "successful":8,"mg":502.55,"time": 33.34846758842468 ,"accuracy":0.005}
{ "successful":9,"mg":501.81,"time": 34.265151262283325 ,"accuracy":0.004}
{ "successful":10,"mg":501.81,"time": 32.426170110702515 ,"accuracy":0.004}
{ "successful":11,"mg":502.12,"time": 37.02256941795349 ,"accuracy":0.004}
{ "successful":12,"mg":501.81,"time": 35.33081555366516 ,"accuracy":0.004}
{ "successful":13,"mg":501.27,"time": 32.29721021652222 ,"accuracy":0.003}
{ "successful":14,"mg":504.16,"time": 30.18539834022522 ,"accuracy":0.008}
{ "successful":15,"mg":500.72,"time": 29.693754196166992 ,"accuracy":0.001}
{ "successful":16,"mg":500.71,"time": 32.13254237174988 ,"accuracy":0.001}
{ "successful":17,"mg":502.26,"time": 31.567917823791504 ,"accuracy":0.005}
{ "successful":18,"mg":501.06,"time": 30.34099841117859 ,"accuracy":0.002}
{ "successful":19,"mg":500.59,"time": 31.335816144943237 ,"accuracy":0.001}
{ "successful":20,"mg":501.96,"time": 34.44971942901611 ,"accuracy":0.004}
{ "successful":21,"mg":502.12,"time": 32.36839485168457 ,"accuracy":0.004}
{ "successful":22,"mg":501.28,"time": 35.44459843635559 ,"accuracy":0.003}
{ "successful":23,"mg":501.81,"time": 31.33112907409668 ,"accuracy":0.004}
{ "successful":24,"mg":503.13,"time": 36.827187061309814 ,"accuracy":0.006}
{ "successful":25,"mg":502.09,"time": 34.710601806640625 ,"accuracy":0.004}
{ "successful":26,"mg":502.71,"time": 36.09043216705322 ,"accuracy":0.005}
{ "successful":27,"mg":505.39,"time": 35.478352308273315 ,"accuracy":0.011}
{ "successful":28,"mg":500.94,"time": 35.40933275222778 ,"accuracy":0.002}
{ "successful":29,"mg":503.35,"time": 31.537861347198486 ,"accuracy":0.007}
{ "successful":30,"mg":501.13,"time": 33.278741121292114 ,"accuracy":0.002}
{ "successful":1,"mg":201.54,"time": 39.07305407524109 ,"accuracy":0.008}
{ "successful":2,"mg":200.74,"time": 45.93679475784302 ,"accuracy":0.004}
{ "successful":3,"mg":204.44,"time": 30.6082546710968 ,"accuracy":0.022}
{ "successful":4,"mg":200.52,"time": 32.05383324623108 ,"accuracy":0.003}
{ "successful":5,"mg":200.92,"time": 32.33159255981445 ,"accuracy":0.005}
{ "successful":6,"mg":200.15,"time": 30.175506830215454 ,"accuracy":0.001}
{ "successful":7,"mg":201.46,"time": 28.010196447372437 ,"accuracy":0.007}
{ "successful":8,"mg":201.07,"time": 30.597252368927002 ,"accuracy":0.005}
{ "successful":9,"mg":201.84,"time": 29.27814269065857 ,"accuracy":0.009}
{ "successful":10,"mg":199.28,"time": 29.411725282669067 ,"accuracy":-0.004}
{ "successful":11,"mg":201.03,"time": 31.103612661361694 ,"accuracy":0.005}
{ "successful":12,"mg":200.71,"time": 29.03085446357727 ,"accuracy":0.004}
{ "successful":13,"mg":200.88,"time": 30.386391639709473 ,"accuracy":0.004}
{ "successful":14,"mg":200.63,"time": 30.75160026550293 ,"accuracy":0.003}
{ "successful":15,"mg":199.35,"time": 28.4216468334198 ,"accuracy":-0.003}
{ "successful":16,"mg":202.23,"time": 29.02069401741028 ,"accuracy":0.011}
{ "successful":17,"mg":199.99,"time": 29.899491786956787 ,"accuracy":-0.0}
{ "successful":18,"mg":199.61,"time": 35.83786416053772 ,"accuracy":-0.002}
{ "successful":19,"mg":202.25,"time": 31.93802309036255 ,"accuracy":0.011}
{ "successful":20,"mg":200.73,"time": 29.178924083709717 ,"accuracy":0.004}
{ "successful":21,"mg":201.23,"time": 30.581008672714233 ,"accuracy":0.006}
{ "successful":22,"mg":199.72,"time": 28.436138153076172 ,"accuracy":-0.001}
{ "successful":23,"mg":203.45,"time": 31.388022899627686 ,"accuracy":0.017}
{ "successful":24,"mg":200.14,"time": 31.97114849090576 ,"accuracy":0.001}
{ "successful":25,"mg":200.65,"time": 32.036627531051636 ,"accuracy":0.003}
{ "successful":26,"mg":204.50,"time": 30.81883668899536 ,"accuracy":0.022}
{ "successful":27,"mg":202.74,"time": 29.253914833068848 ,"accuracy":0.014}
{ "successful":28,"mg":199.92,"time": 29.973219633102417 ,"accuracy":-0.0}
{ "successful":29,"mg":201.62,"time": 30.3305504322052 ,"accuracy":0.008}
{ "successful":30,"mg":206.59,"time": 30.95320701599121 ,"accuracy":0.033}
{ "successful":1,"mg":19.78,"time": 31.96177315711975 ,"accuracy":-0.011}
{ "successful":2,"mg":19.66,"time": 23.88934350013733 ,"accuracy":-0.017}
{ "successful":3,"mg":19.67,"time": 24.452317237854004 ,"accuracy":-0.016}
{ "successful":4,"mg":20.98,"time": 24.681674480438232 ,"accuracy":0.049}
{ "successful":5,"mg":19.10,"time": 22.85747742652893 ,"accuracy":-0.045}
{ "successful":6,"mg":19.85,"time": 35.877928018569946 ,"accuracy":-0.007}
{ "successful":7,"mg":19.24,"time": 26.637115716934204 ,"accuracy":-0.038}
{ "successful":8,"mg":18.84,"time": 27.438848733901978 ,"accuracy":-0.058}
{ "successful":9,"mg":19.71,"time": 29.59239435195923 ,"accuracy":-0.014}
{ "successful":10,"mg":18.66,"time": 25.44305157661438 ,"accuracy":-0.067}
{ "successful":11,"mg":19.25,"time": 25.268115043640137 ,"accuracy":-0.037}
{ "successful":12,"mg":18.98,"time": 27.203489065170288 ,"accuracy":-0.051}
{ "successful":13,"mg":18.81,"time": 28.023643493652344 ,"accuracy":-0.06}
{ "successful":14,"mg":19.15,"time": 33.87981081008911 ,"accuracy":-0.043}
{ "successful":15,"mg":18.61,"time": 29.192657470703125 ,"accuracy":-0.07}
{ "successful":16,"mg":18.90,"time": 28.51826286315918 ,"accuracy":-0.055}
{ "successful":17,"mg":19.20,