{ "successful":1,"mg":1007.14,"time": 40.440423011779785 ,"accuracy":0.007}
{ "successful":2,"mg":1020.84,"time": 32.94178342819214 ,"accuracy":0.021}
{ "successful":3,"mg":1004.55,"time": 39.33141827583313 ,"accuracy":0.005}
{ "successful":4,"mg":1025.59,"time": 33.7055459022522 ,"accuracy":0.026}
{ "successful":5,"mg":1001.43,"time": 40.75238609313965 ,"accuracy":0.001}
{ "successful":6,"mg":1001.26,"time": 37.41589331626892 ,"accuracy":0.001}
{ "successful":7,"mg":1003.05,"time": 31.21523666381836 ,"accuracy":0.003}
{ "successful":8,"mg":1001.72,"time": 35.28161120414734 ,"accuracy":0.002}
{ "successful":9,"mg":1002.83,"time": 37.413291454315186 ,"accuracy":0.003}
{ "successful":10,"mg":1003.36,"time": 36.163124799728394 ,"accuracy":0.003}
{ "successful":11,"mg":1002.49,"time": 37.18008232116699 ,"accuracy":0.002}
{ "successful":12,"mg":1001.94,"time": 37.353808879852295 ,"accuracy":0.002}
{ "successful":13,"mg":1042.29,"time": 48.27391529083252 ,"accuracy":0.042}
{ "successful":13,"mg":1019.06,"time": 38.22017860412598 ,"accuracy":0.019}
{ "successful":14,"mg":1017.33,"time": 30.839092016220093 ,"accuracy":0.017}
{ "successful":15,"mg":1008.63,"time": 42.3700430393219 ,"accuracy":0.009}
{ "successful":16,"mg":1018.95,"time": 32.03126764297485 ,"accuracy":0.019}
{ "successful":17,"mg":1003.17,"time": 47.584179401397705 ,"accuracy":0.003}
{ "successful":18,"mg":1000.21,"time": 41.36890697479248 ,"accuracy":0.0}
{ "successful":19,"mg":1002.95,"time": 37.86905884742737 ,"accuracy":0.003}
{ "successful":20,"mg":1039.03,"time": 33.25166034698486 ,"accuracy":0.039}
{ "successful":21,"mg":1015.60,"time": 34.39024567604065 ,"accuracy":0.016}
{ "successful":22,"mg":1003.33,"time": 48.04920411109924 ,"accuracy":0.003}
{ "successful":23,"mg":1000.22,"time": 44.43075966835022 ,"accuracy":0.0}
{ "successful":24,"mg":1004.98,"time": 42.55127739906311 ,"accuracy":0.005}
{ "successful":25,"mg":1010.83,"time": 33.60151672363281 ,"accuracy":0.011}
{ "successful":26,"mg":1007.50,"time": 44.724053382873535 ,"accuracy":0.007}
{ "successful":27,"mg":1011.31,"time": 37.830883502960205 ,"accuracy":0.011}
{ "successful":28,"mg":1010.08,"time": 31.750535488128662 ,"accuracy":0.01}
{ "successful":29,"mg":1016.70,"time": 37.2467679977417 ,"accuracy":0.017}
{ "successful":1,"mg":508.93,"time": 42.77779483795166 ,"accuracy":0.018}
{ "successful":2,"mg":503.18,"time": 40.4748740196228 ,"accuracy":0.006}
{ "successful":3,"mg":500.41,"time": 47.08169341087341 ,"accuracy":0.001}
{ "successful":4,"mg":505.80,"time": 36.51204872131348 ,"accuracy":0.012}
{ "successful":5,"mg":505.61,"time": 38.68257188796997 ,"accuracy":0.011}
{ "successful":6,"mg":501.56,"time": 37.149641036987305 ,"accuracy":0.003}
{ "successful":7,"mg":504.90,"time": 30.99155330657959 ,"accuracy":0.01}
{ "successful":8,"mg":499.85,"time": 31.912134408950806 ,"accuracy":-0.0}
{ "successful":9,"mg":507.96,"time": 34.82072067260742 ,"accuracy":0.016}
{ "successful":10,"mg":501.00,"time": 38.92936110496521 ,"accuracy":0.002}
{ "successful":11,"mg":508.04,"time": 32.153483867645264 ,"accuracy":0.016}
{ "successful":12,"mg":501.87,"time": 37.785160064697266 ,"accuracy":0.004}
{ "successful":13,"mg":502.04,"time": 34.831321239471436 ,"accuracy":0.004}
{ "successful":14,"mg":502.91,"time": 38.02210354804993 ,"accuracy":0.006}
{ "successful":15,"mg":517.00,"time": 36.821183919906616 ,"accuracy":0.034}
{ "successful":16,"mg":501.57,"time": 38.187177896499634 ,"accuracy":0.003}
{ "successful":17,"mg":504.39,"time": 37.19327735900879 ,"accuracy":0.009}
{ "successful":18,"mg":504.02,"time": 35.25533723831177 ,"accuracy":0.008}
{ "successful":19,"mg":506.94,"time": 30.47982120513916 ,"accuracy":0.014}
{ "successful":20,"mg":502.22,"time": 34.44902014732361 ,"accuracy":0.004}
{ "successful":21,"mg":502.26,"time": 39.32253336906433 ,"accuracy":0.005}
{ "successful":22,"mg":499.94,"time": 32.82947373390198 ,"accuracy":-0.0}
{ "successful":23,"mg":501.67,"time": 37.32520866394043 ,"accuracy":0.003}
{ "successful":24,"mg":506.66,"time": 35.27161359786987 ,"accuracy":0.013}
{ "successful":25,"mg":503.36,"time": 34.45356369018555 ,"accuracy":0.007}
{ "successful":26,"mg":502.79,"time": 31.888001918792725 ,"accuracy":0.006}
{ "successful":27,"mg":501.08,"time": 36.66028094291687 ,"accuracy":0.002}
{ "successful":28,"mg":502.95,"time": 36.06244993209839 ,"accuracy":0.006}
{ "successful":29,"mg":503.36,"time": 40.30611991882324 ,"accuracy":0.007}
{ "successful":30,"mg":500.94,"time": 33.29352402687073 ,"accuracy":0.002}
{ "successful":1,"mg":200.56,"time": 41.78816342353821 ,"accuracy":0.003}
{ "successful":2,"mg":201.91,"time": 30.68127679824829 ,"accuracy":0.01}
{ "successful":3,"mg":200.32,"time": 28.296311616897583 ,"accuracy":0.002}
{ "successful":4,"mg":202.05,"time": 30.47872304916382 ,"accuracy":0.01}
{ "successful":5,"mg":200.42,"time": 31.36836051940918 ,"accuracy":0.002}
{ "successful":6,"mg":200.18,"time": 32.91802382469177 ,"accuracy":0.001}
{ "successful":7,"mg":202.19,"time": 30.625017881393433 ,"accuracy":0.011}
{ "successful":8,"mg":201.86,"time": 32.27710723876953 ,"accuracy":0.009}
{ "successful":9,"mg":204.80,"time": 28.497191429138184 ,"accuracy":0.024}
{ "successful":10,"mg":204.78,"time": 27.50221848487854 ,"accuracy":0.024}
{ "successful":11,"mg":199.58,"time": 36.25907349586487 ,"accuracy":-0.002}
{ "successful":12,"mg":199.78,"time": 35.18258285522461 ,"accuracy":-0.001}
{ "successful":13,"mg":200.25,"time": 28.030240535736084 ,"accuracy":0.001}
{ "successful":14,"mg":206.55,"time": 30.36042284965515 ,"accuracy":0.033}
{ "successful":15,"mg":201.74,"time": 30.53515338897705 ,"accuracy":0.009}
{ "successful":16,"mg":201.35,"time": 30.269447803497314 ,"accuracy":0.007}
{ "successful":17,"mg":205.80,"time": 29.267454147338867 ,"accuracy":0.029}
{ "successful":18,"mg":201.85,"time": 30.590710639953613 ,"accuracy":0.009}
{ "successful":19,"mg":201.60,"time": 28.82150888442993 ,"accuracy":0.008}
{ "successful":20,"mg":201.95,"time": 28.29776406288147 ,"accuracy":0.01}
{ "successful":21,"mg":202.37,"time": 27.99659752845764 ,"accuracy":0.012}
{ "successful":22,"mg":199.72,"time": 31.2516667842865 ,"accuracy":-0.001}
{ "successful":23,"mg":203.28,"time": 28.038320541381836 ,"accuracy":0.016}
{ "successful":24,"mg":200.70,"time": 29.12679886817932 ,"accuracy":0.003}
{ "successful":25,"mg":201.94,"time": 32.62255668640137 ,"accuracy":0.01}
{ "successful":26,"mg":207.58,"time": 31.270588397979736 ,"accuracy":0.038}
{ "successful":27,"mg":204.19,"time": 35.83666920661926 ,"accuracy":0.021}
{ "successful":28,"mg":215.21,"time": 31.72482943534851 ,"accuracy":0.076}
{ "successful":29,"mg":208.13,"time": 31.54166078567505 ,"accuracy":0.041}
{ "successful":30,"mg":200.45,"time": 30.124727964401245 ,"accuracy":0.002}
{ "successful":1,"mg":19.93,"time": 31.581974983215332 ,"accuracy":-0.004}
{ "successful":2,"mg":19.30,"time": 24.667645931243896 ,"accuracy":-0.035}
{ "successful":3,"mg":19.31,"time": 23.266963243484497 ,"accuracy":-0.035}
{ "successful":4,"mg":18.65,"time": 23.607057094573975 ,"accuracy":-0.068}
{ "successful":5,"mg":19.15,"time": 24.188985586166382 ,"accuracy":-0.043}
{ "successful":6,"mg":19.44,"time": 23.80066227912903 ,"accuracy":-0.028}
{ "successful":7,"mg":19.09,"time": 24.24583101272583 ,"accuracy":-0.046}
{ "successful":8,"mg":18.86,"time": 25.824471473693848 ,"accuracy":-0.057}
{ "successful":9,"mg":19.02,"time": 24.979671239852905 ,"accuracy":-0.049}
{ "successful":10,"mg":19.51,"time": 24.19344973564148 ,"accuracy":-0.024}
{ "successful":11,"mg":19.05,"time": 23.083881855010986 ,"accuracy":-0.047}
{ "successful":12,"mg":19.01,"time": 25.044206380844116 ,"accuracy":-0.049}
{ "successful":13,"mg":18.76,"time": 26.77402973175049 ,"accuracy":-0.062}
{ "successful":14,"mg":18.51,"time": 27.821983575820923 ,"accuracy":-0.074}
{ "successful":15,"mg":18.68,"time": 31.08658456802368 ,"accuracy":-0.066}
{ "successful":16,"mg":18.79,"time": 31.32151198387146 ,"accuracy":-0.061}
{ "successful":17,"mg":18.85,