{ "successful":1,"mg":1005.00,"time": 42.98135304450989 ,"accuracy":0.005}
{ "successful":2,"mg":1010.10,"time": 36.655803203582764 ,"accuracy":0.01}
{ "successful":3,"mg":1008.04,"time": 35.39294695854187 ,"accuracy":0.008}
{ "successful":4,"mg":1008.07,"time": 36.30211329460144 ,"accuracy":0.008}
{ "successful":5,"mg":1008.18,"time": 35.005805253982544 ,"accuracy":0.008}
{ "successful":6,"mg":1007.56,"time": 36.29541873931885 ,"accuracy":0.008}
{ "successful":7,"mg":1005.91,"time": 39.033754110336304 ,"accuracy":0.006}
{ "successful":8,"mg":1001.81,"time": 40.86886429786682 ,"accuracy":0.002}
{ "successful":9,"mg":1004.98,"time": 38.75503063201904 ,"accuracy":0.005}
{ "successful":10,"mg":1004.89,"time": 40.41846942901611 ,"accuracy":0.005}
{ "successful":11,"mg":1003.43,"time": 35.71989321708679 ,"accuracy":0.003}
{ "successful":12,"mg":1004.36,"time": 33.73256993293762 ,"accuracy":0.004}
{ "successful":13,"mg":1006.23,"time": 34.359025955200195 ,"accuracy":0.006}
{ "successful":14,"mg":1006.50,"time": 34.499977350234985 ,"accuracy":0.006}
{ "successful":15,"mg":1010.43,"time": 43.756606340408325 ,"accuracy":0.01}
{ "successful":16,"mg":1011.50,"time": 41.21572399139404 ,"accuracy":0.011}
{ "successful":17,"mg":1010.55,"time": 35.8600378036499 ,"accuracy":0.011}
{ "successful":18,"mg":1005.33,"time": 37.27449870109558 ,"accuracy":0.005}
{ "successful":19,"mg":1005.60,"time": 37.43716216087341 ,"accuracy":0.006}
{ "successful":20,"mg":1006.03,"time": 35.87684154510498 ,"accuracy":0.006}
{ "successful":21,"mg":1004.86,"time": 41.430946588516235 ,"accuracy":0.005}
{ "successful":22,"mg":998.53,"time": 54.440186500549316 ,"accuracy":-0.001}
{ "successful":23,"mg":1008.08,"time": 39.77716088294983 ,"accuracy":0.008}
{ "successful":24,"mg":1004.17,"time": 39.57375693321228 ,"accuracy":0.004}
{ "successful":25,"mg":1000.86,"time": 38.172483921051025 ,"accuracy":0.001}
{ "successful":26,"mg":1003.47,"time": 34.323150634765625 ,"accuracy":0.003}
{ "successful":27,"mg":1002.43,"time": 34.335044860839844 ,"accuracy":0.002}
{ "successful":28,"mg":1004.08,"time": 33.85960507392883 ,"accuracy":0.004}
{ "successful":30,"mg":1003.46,"time": 46.01073741912842 ,"accuracy":0.003}
{ "successful":31,"mg":1003.74,"time": 35.51765727996826 ,"accuracy":0.004}
{ "successful":1,"mg":500.22,"time": 44.58189344406128 ,"accuracy":0.0}
{ "successful":2,"mg":505.05,"time": 32.38620090484619 ,"accuracy":0.01}
{ "successful":3,"mg":501.52,"time": 32.584635972976685 ,"accuracy":0.003}
{ "successful":4,"mg":502.92,"time": 31.38465452194214 ,"accuracy":0.006}
{ "successful":5,"mg":500.54,"time": 33.78439903259277 ,"accuracy":0.001}
{ "successful":6,"mg":507.13,"time": 35.9214506149292 ,"accuracy":0.014}
{ "successful":7,"mg":504.18,"time": 34.70350670814514 ,"accuracy":0.008}
{ "successful":8,"mg":503.27,"time": 33.14357304573059 ,"accuracy":0.007}
{ "successful":9,"mg":503.15,"time": 34.67982578277588 ,"accuracy":0.006}
{ "successful":10,"mg":510.22,"time": 35.27505445480347 ,"accuracy":0.02}
{ "successful":11,"mg":507.55,"time": 32.50743770599365 ,"accuracy":0.015}
{ "successful":12,"mg":504.40,"time": 35.590750217437744 ,"accuracy":0.009}
{ "successful":13,"mg":507.65,"time": 31.10095977783203 ,"accuracy":0.015}
{ "successful":14,"mg":502.22,"time": 34.97025656700134 ,"accuracy":0.004}
{ "successful":15,"mg":507.52,"time": 35.417428970336914 ,"accuracy":0.015}
{ "successful":16,"mg":502.34,"time": 37.281986951828 ,"accuracy":0.005}
{ "successful":17,"mg":506.05,"time": 34.42078447341919 ,"accuracy":0.012}
{ "successful":18,"mg":503.08,"time": 33.539875745773315 ,"accuracy":0.006}
{ "successful":19,"mg":502.48,"time": 34.95229697227478 ,"accuracy":0.005}
{ "successful":20,"mg":502.33,"time": 37.278828859329224 ,"accuracy":0.005}
{ "successful":21,"mg":500.77,"time": 31.05083918571472 ,"accuracy":0.002}
{ "successful":22,"mg":502.02,"time": 31.949910402297974 ,"accuracy":0.004}
{ "successful":23,"mg":500.28,"time": 35.70857858657837 ,"accuracy":0.001}
{ "successful":24,"mg":502.78,"time": 30.82198667526245 ,"accuracy":0.006}
{ "successful":26,"mg":505.33,"time": 35.96775436401367 ,"accuracy":0.011}
{ "successful":27,"mg":502.82,"time": 34.13891959190369 ,"accuracy":0.006}
{ "successful":28,"mg":503.19,"time": 40.18887972831726 ,"accuracy":0.006}
{ "successful":29,"mg":500.49,"time": 37.3658332824707 ,"accuracy":0.001}
{ "successful":30,"mg":507.52,"time": 34.450907468795776 ,"accuracy":0.015}
{ "successful":31,"mg":500.50,"time": 33.441880226135254 ,"accuracy":0.001}
{ "successful":1,"mg":200.92,"time": 51.996591091156006 ,"accuracy":0.005}
{ "successful":2,"mg":198.87,"time": 41.96043658256531 ,"accuracy":-0.006}
{ "successful":3,"mg":202.96,"time": 33.70513129234314 ,"accuracy":0.015}
{ "successful":4,"mg":200.49,"time": 35.479758977890015 ,"accuracy":0.002}
{ "successful":5,"mg":199.08,"time": 34.68953204154968 ,"accuracy":-0.005}
{ "successful":6,"mg":198.94,"time": 46.70855975151062 ,"accuracy":-0.005}
{ "successful":7,"mg":200.63,"time": 37.68500065803528 ,"accuracy":0.003}
{ "successful":8,"mg":201.82,"time": 31.762998819351196 ,"accuracy":0.009}
{ "successful":9,"mg":203.17,"time": 29.594749927520752 ,"accuracy":0.016}
{ "successful":10,"mg":203.60,"time": 31.75888204574585 ,"accuracy":0.018}
{ "successful":11,"mg":199.99,"time": 49.57063817977905 ,"accuracy":-0.0}
{ "successful":12,"mg":198.97,"time": 43.56778907775879 ,"accuracy":-0.005}
{ "successful":13,"mg":200.50,"time": 32.21750020980835 ,"accuracy":0.003}
{ "successful":14,"mg":208.85,"time": 36.84926986694336 ,"accuracy":0.044}
{ "successful":15,"mg":200.02,"time": 31.05073642730713 ,"accuracy":0.0}
{ "successful":16,"mg":199.29,"time": 94.87413120269775 ,"accuracy":-0.004}
{ "successful":17,"mg":204.63,"time": 34.212575912475586 ,"accuracy":0.023}
{ "successful":18,"mg":204.91,"time": 28.25772976875305 ,"accuracy":0.025}
{ "successful":19,"mg":200.23,"time": 34.75789761543274 ,"accuracy":0.001}
{ "successful":20,"mg":199.27,"time": 49.65351366996765 ,"accuracy":-0.004}
{ "successful":21,"mg":201.43,"time": 36.85551834106445 ,"accuracy":0.007}
{ "successful":22,"mg":204.59,"time": 31.889819622039795 ,"accuracy":0.023}
{ "successful":23,"mg":202.20,"time": 32.339001417160034 ,"accuracy":0.011}
{ "successful":24,"mg":200.72,"time": 36.51485300064087 ,"accuracy":0.004}
{ "successful":25,"mg":201.83,"time": 44.47674632072449 ,"accuracy":0.009}
{ "successful":26,"mg":201.16,"time": 32.1490216255188 ,"accuracy":0.006}
{ "successful":27,"mg":199.77,"time": 37.885786294937134 ,"accuracy":-0.001}
{ "successful":28,"mg":205.81,"time": 33.37478685379028 ,"accuracy":0.029}
{ "successful":29,"mg":204.95,"time": 35.1149263381958 ,"accuracy":0.025}
{ "successful":30,"mg":201.22,"time": 31.748251914978027 ,"accuracy":0.006}
{ "successful":1,"mg":19.66,"time": 33.13709616661072 ,"accuracy":-0.017}
{ "successful":2,"mg":20.51,"time": 25.051781177520752 ,"accuracy":0.026}
{ "successful":3,"mg":23.71,"time": 24.472360849380493 ,"accuracy":0.186}
{ "successful":4,"mg":18.49,"time": 26.05992102622986 ,"accuracy":-0.076}
{ "successful":5,"mg":19.57,"time": 29.000114679336548 ,"accuracy":-0.021}
{ "successful":6,"mg":20.08,"time": 26.83280372619629 ,"accuracy":0.004}
{ "successful":7,"mg":21.33,"time": 27.624332189559937 ,"accuracy":0.066}
{ "successful":8,"mg":18.94,"time": 24.2641019821167 ,"accuracy":-0.053}
{ "successful":9,"mg":18.57,"time": 26.774077653884888 ,"accuracy":-0.071}
{ "successful":10,"mg":19.41,"time": 26.447537422180176 ,"accuracy":-0.029}
{ "successful":11,"mg":20.05,"time": 27.99720001220703 ,"accuracy":0.003}
{ "successful":12,"mg":20.23,"time": 32.1256308555603 ,"accuracy":0.012}
{ "successful":13,"mg":19.25,"time": 32.758344411849976 ,"accuracy":-0.037}
{ "successful":14,"mg":18.38,"time": 30.9566707611084 ,"accuracy":-0.081}
{ "successful":15,"mg":20.42,"time": 29.385010480880737 ,"accuracy":0.021}
{ "successful":16,"mg":18.35,"time": 35.460010290145874 ,"accuracy":-0.082}
{ "successful":17,"mg":18.47,